Workbook

Sheet Summary
A1: THE 17 — BASKET-ECONOMICS MODEL
A2: Rare-earth basket value per tonne of mixed REO, with price-floor and export-control-shock scenarios. Prepared 2026-07-07. ALL FIGURES ILLUSTRATIVE until Inputs are replaced with real data — see Notes tab.
A4: TABLE OF CONTENTS
A5: Summary | B5: This dashboard — key outputs & sensitivity chart.
A6: Inputs | B6: Deposit % by oxide + oxide prices. BLUE cells = hardcoded inputs to replace.
A7: Calc | B7: Weighted basket value / tonne REO; % contribution by element.
A8: Sensitivity | B8: Price-floor & export-control-shock scenarios.
A9: Chart | B9: % contribution to basket value by element.
A10: Notes | B10: Read me — conventions, caveats, fill-in checklist.
A13: KEY OUTPUTS
A14: Basket value / tonne REO (base) | D14: =Calc!F21
A15: Basket value / tonne (price-floor scenario) | D15: =Sensitivity!D26
A16: Basket value / tonne (export-control shock) | D16: =Sensitivity!E26
A17: Uplift vs base — floor | D17: =Sensitivity!D27
A18: Uplift vs base — shock | D18: =Sensitivity!E27
A19: Magnet elements (NdPr+Dy+Tb) share of basket value | D19: =Calc!F23
A20: Green = pulled live from other tabs. Headline row double-underlined. Figures illustrative until Inputs are real.
A22: Scenario | B22: Basket value USD/tonne
A23: Base | B23: =Calc!F21
A24: Price floor | B24: =Sensitivity!D26
A25: Export-control shock | B25: =Sensitivity!E26

Sheet Inputs
A1: INPUTS — Deposit element split (% by oxide) & oxide prices
A2: ILLUSTRATIVE PLACEHOLDERS ONLY. Replace Example Deposit A/B with [[INPUT: real % by oxide]] and the price column with [[VERIFY: oxide prices as of <date>]]. Amber cells = you must fill in. % columns should sum to ~100.
A3: Element | B3: Oxide | C3: Group | D3: Example Deposit A (% by oxide) [[INPUT]] | E3: Example Deposit B (% by oxide) [[INPUT]] | F3: Oxide price (USD/kg) [[VERIFY: as of <date>]] | G3: Magnet element?
A4: Lanthanum (La) | B4: La2O3 | C4: Light | D4: 0.28 | E4: 0.22 | F4: 1
A5: Cerium (Ce) | B5: CeO2 | C5: Light | D5: 0.45 | E5: 0.4 | F5: 1
A6: Praseodymium (Pr) | B6: Pr6O11 | C6: Light (magnet) | D6: 0.045 | E6: 0.04 | F6: 90 | G6: Yes
A7: Neodymium (Nd) | B7: Nd2O3 | C7: Light (magnet) | D7: 0.16 | E7: 0.14 | F7: 90 | G7: Yes
A8: Samarium (Sm) | B8: Sm2O3 | C8: Light | D8: 0.02 | E8: 0.025 | F8: 3
A9: Europium (Eu) | B9: Eu2O3 | C9: Heavy | D9: 0.003 | E9: 0.004 | F9: 28
A10: Gadolinium (Gd) | B10: Gd2O3 | C10: Heavy | D10: 0.012 | E10: 0.02 | F10: 30
A11: Terbium (Tb) | B11: Tb4O7 | C11: Heavy (magnet) | D11: 0.002 | E11: 0.015 | F11: 900 | G11: Yes
A12: Dysprosium (Dy) | B12: Dy2O3 | C12: Heavy (magnet) | D12: 0.01 | E12: 0.06 | F12: 350 | G12: Yes
A13: Holmium (Ho) | B13: Ho2O3 | C13: Heavy | D13: 0.0015 | E13: 0.008 | F13: 90
A14: Erbium (Er) | B14: Er2O3 | C14: Heavy | D14: 0.004 | E14: 0.025 | F14: 30
A15: Thulium (Tm) | B15: Tm2O3 | C15: Heavy | D15: 0.0005 | E15: 0.003 | F15: 100
A16: Ytterbium (Yb) | B16: Yb2O3 | C16: Heavy | D16: 0.002 | E16: 0.015 | F16: 18
A17: Lutetium (Lu) | B17: Lu2O3 | C17: Heavy | D17: 0.0005 | E17: 0.003 | F17: 600
A18: Yttrium (Y) | B18: Y2O3 | C18: Heavy | D18: 0.007 | E18: 0.015 | F18: 8
A19: Scandium (Sc) | B19: Sc2O3 | C19: Heavy | D19: 0 | E19: 0 | F19: 1000
A20: Promethium (Pm) | B20: Pm2O3 | C20: n/a | D20: 0 | E20: 0 | F20: 0
C21: TOTAL (should be ~100%) | D21: =SUM(D4:D20) | E21: =SUM(E4:E20)

Sheet Calc
A1: CALC — Weighted basket value per tonne & % contribution
A2: Basket value per tonne of mixed rare-earth oxide (REO) = Σ (oxide % × price USD/kg × 1,000 kg). Pulls live from the Inputs tab. Deposit A is the default basket; switch the formula column to Inputs col E to value Deposit B.
A3: Element | B3: Group | C3: % by oxide (A) | D3: Price USD/kg | E3: kg per tonne REO | F3: Value USD/tonne | G3: % of basket value | H3: Magnet element?
A4: =Inputs!A4 | B4: =Inputs!C4 | C4: =Inputs!D4 | D4: =Inputs!F4 | E4: =C4*1000 | F4: =E4*D4 | G4: =F4/$F$21 | H4: =Inputs!G4
A5: =Inputs!A5 | B5: =Inputs!C5 | C5: =Inputs!D5 | D5: =Inputs!F5 | E5: =C5*1000 | F5: =E5*D5 | G5: =F5/$F$21 | H5: =Inputs!G5
A6: =Inputs!A6 | B6: =Inputs!C6 | C6: =Inputs!D6 | D6: =Inputs!F6 | E6: =C6*1000 | F6: =E6*D6 | G6: =F6/$F$21 | H6: =Inputs!G6
A7: =Inputs!A7 | B7: =Inputs!C7 | C7: =Inputs!D7 | D7: =Inputs!F7 | E7: =C7*1000 | F7: =E7*D7 | G7: =F7/$F$21 | H7: =Inputs!G7
A8: =Inputs!A8 | B8: =Inputs!C8 | C8: =Inputs!D8 | D8: =Inputs!F8 | E8: =C8*1000 | F8: =E8*D8 | G8: =F8/$F$21 | H8: =Inputs!G8
A9: =Inputs!A9 | B9: =Inputs!C9 | C9: =Inputs!D9 | D9: =Inputs!F9 | E9: =C9*1000 | F9: =E9*D9 | G9: =F9/$F$21 | H9: =Inputs!G9
A10: =Inputs!A10 | B10: =Inputs!C10 | C10: =Inputs!D10 | D10: =Inputs!F10 | E10: =C10*1000 | F10: =E10*D10 | G10: =F10/$F$21 | H10: =Inputs!G10
A11: =Inputs!A11 | B11: =Inputs!C11 | C11: =Inputs!D11 | D11: =Inputs!F11 | E11: =C11*1000 | F11: =E11*D11 | G11: =F11/$F$21 | H11: =Inputs!G11
A12: =Inputs!A12 | B12: =Inputs!C12 | C12: =Inputs!D12 | D12: =Inputs!F12 | E12: =C12*1000 | F12: =E12*D12 | G12: =F12/$F$21 | H12: =Inputs!G12
A13: =Inputs!A13 | B13: =Inputs!C13 | C13: =Inputs!D13 | D13: =Inputs!F13 | E13: =C13*1000 | F13: =E13*D13 | G13: =F13/$F$21 | H13: =Inputs!G13
A14: =Inputs!A14 | B14: =Inputs!C14 | C14: =Inputs!D14 | D14: =Inputs!F14 | E14: =C14*1000 | F14: =E14*D14 | G14: =F14/$F$21 | H14: =Inputs!G14
A15: =Inputs!A15 | B15: =Inputs!C15 | C15: =Inputs!D15 | D15: =Inputs!F15 | E15: =C15*1000 | F15: =E15*D15 | G15: =F15/$F$21 | H15: =Inputs!G15
... A20: =Inputs!A20 | B20: =Inputs!C20 | C20: =Inputs!D20 | D20: =Inputs!F20 | E20: =C20*1000 | F20: =E20*D20 | G20: =F20/$F$21 | H20: =Inputs!G20
A21: BASKET VALUE / TONNE REO → | F21: =SUM(F4:F20)
A23: Memo headline — magnet elements (NdPr+Dy+Tb) share of basket value: | F23: =SUMIF(H4:H20,"Yes",F4:F20)/$F$21

Sheet Sensitivity
A1: SENSITIVITY — Price-floor & export-control-shock scenarios
A2: Illustrative scenario multipliers on the Inputs price column. Floor: NdPr ×1.25 (DoD-style price floor). Shock: heavies ×2, NdPr ×1.4 (China export-control squeeze). Replace multipliers with my own [[MY VIEW]] scenario assumptions.
A3: Scenario assumptions (editable):
A4: Floor — NdPr price multiplier | B4: 1.25
A5: Shock — heavy-RE price multiplier | B5: 2
A6: Shock — NdPr price multiplier | B6: 1.4
A8: Element | B8: Group | C8: Base value USD/tonne | D8: Floor scenario USD/tonne | E8: Export-control shock USD/tonne | F8: Magnet element?
A9: =Calc!A4 | B9: =Calc!B4 | C9: =Calc!F4 | D9: =Calc!F4*IF(OR(ISNUMBER(SEARCH("(Nd)",Calc!A4)),ISNUMBER(SEARCH("(Pr)",Calc!A4))),$B4,1) | E9: =Calc!F4*IF(OR(ISNUMBER(SEARCH("(Nd)",Calc!A4)),ISNUMBER(SEARCH("(Pr)",Calc!A4))),$B6,IF(ISNUMBER(SEARCH("Heavy",Calc!B4)),$B5,1)) | F9: =Calc!H4
A10: =Calc!A5 | B10: =Calc!B5 | C10: =Calc!F5 | D10: =Calc!F5*IF(OR(ISNUMBER(SEARCH("(Nd)",Calc!A5)),ISNUMBER(SEARCH("(Pr)",Calc!A5))),$B4,1) | E10: =Calc!F5*IF(OR(ISNUMBER(SEARCH("(Nd)",Calc!A5)),ISNUMBER(SEARCH("(Pr)",Calc!A5))),$B6,IF(ISNUMBER(SEARCH("Heavy",Calc!B5)),$B5,1)) | F10: =Calc!H5
A11: =Calc!A6 | B11: =Calc!B6 | C11: =Calc!F6 | D11: =Calc!F6*IF(OR(ISNUMBER(SEARCH("(Nd)",Calc!A6)),ISNUMBER(SEARCH("(Pr)",Calc!A6))),$B4,1) | E11: =Calc!F6*IF(OR(ISNUMBER(SEARCH("(Nd)",Calc!A6)),ISNUMBER(SEARCH("(Pr)",Calc!A6))),$B6,IF(ISNUMBER(SEARCH("Heavy",Calc!B6)),$B5,1)) | F11: =Calc!H6
A12: =Calc!A7 | B12: =Calc!B7 | C12: =Calc!F7 | D12: =Calc!F7*IF(OR(ISNUMBER(SEARCH("(Nd)",Calc!A7)),ISNUMBER(SEARCH("(Pr)",Calc!A7))),$B4,1) | E12: =Calc!F7*IF(OR(ISNUMBER(SEARCH("(Nd)",Calc!A7)),ISNUMBER(SEARCH("(Pr)",Calc!A7))),$B6,IF(ISNUMBER(SEARCH("Heavy",Calc!B7)),$B5,1)) | F12: =Calc!H7
A13: =Calc!A8 | B13: =Calc!B8 | C13: =Calc!F8 | D13: =Calc!F8*IF(OR(ISNUMBER(SEARCH("(Nd)",Calc!A8)),ISNUMBER(SEARCH("(Pr)",Calc!A8))),$B4,1) | E13: =Calc!F8*IF(OR(ISNUMBER(SEARCH("(Nd)",Calc!A8)),ISNUMBER(SEARCH("(Pr)",Calc!A8))),$B6,IF(ISNUMBER(SEARCH("Heavy",Calc!B8)),$B5,1)) | F13: =Calc!H8
A14: =Calc!A9 | B14: =Calc!B9 | C14: =Calc!F9 | D14: =Calc!F9*IF(OR(ISNUMBER(SEARCH("(Nd)",Calc!A9)),ISNUMBER(SEARCH("(Pr)",Calc!A9))),$B4,1) | E14: =Calc!F9*IF(OR(ISNUMBER(SEARCH("(Nd)",Calc!A9)),ISNUMBER(SEARCH("(Pr)",Calc!A9))),$B6,IF(ISNUMBER(SEARCH("Heavy",Calc!B9)),$B5,1)) | F14: =Calc!H9
A15: =Calc!A10 | B15: =Calc!B10 | C15: =Calc!F10 | D15: =Calc!F10*IF(OR(ISNUMBER(SEARCH("(Nd)",Calc!A10)),ISNUMBER(SEARCH("(Pr)",Calc!A10))),$B4,1) | E15: =Calc!F10*IF(OR(ISNUMBER(SEARCH("(Nd)",Calc!A10)),ISNUMBER(SEARCH("(Pr)",Calc!A10))),$B6,IF(ISNUMBER(SEARCH("Heavy",Calc!B10)),$B5,1)) | F15: =Calc!H10
A16: =Calc!A11 | B16: =Calc!B11 | C16: =Calc!F11 | D16: =Calc!F11*IF(OR(ISNUMBER(SEARCH("(Nd)",Calc!A11)),ISNUMBER(SEARCH("(Pr)",Calc!A11))),$B4,1) | E16: =Calc!F11*IF(OR(ISNUMBER(SEARCH("(Nd)",Calc!A11)),ISNUMBER(SEARCH("(Pr)",Calc!A11))),$B6,IF(ISNUMBER(SEARCH("Heavy",Calc!B11)),$B5,1)) | F16: =Calc!H11
A17: =Calc!A12 | B17: =Calc!B12 | C17: =Calc!F12 | D17: =Calc!F12*IF(OR(ISNUMBER(SEARCH("(Nd)",Calc!A12)),ISNUMBER(SEARCH("(Pr)",Calc!A12))),$B4,1) | E17: =Calc!F12*IF(OR(ISNUMBER(SEARCH("(Nd)",Calc!A12)),ISNUMBER(SEARCH("(Pr)",Calc!A12))),$B6,IF(ISNUMBER(SEARCH("Heavy",Calc!B12)),$B5,1)) | F17: =Calc!H12
A18: =Calc!A13 | B18: =Calc!B13 | C18: =Calc!F13 | D18: =Calc!F13*IF(OR(ISNUMBER(SEARCH("(Nd)",Calc!A13)),ISNUMBER(SEARCH("(Pr)",Calc!A13))),$B4,1) | E18: =Calc!F13*IF(OR(ISNUMBER(SEARCH("(Nd)",Calc!A13)),ISNUMBER(SEARCH("(Pr)",Calc!A13))),$B6,IF(ISNUMBER(SEARCH("Heavy",Calc!B13)),$B5,1)) | F18: =Calc!H13
A19: =Calc!A14 | B19: =Calc!B14 | C19: =Calc!F14 | D19: =Calc!F14*IF(OR(ISNUMBER(SEARCH("(Nd)",Calc!A14)),ISNUMBER(SEARCH("(Pr)",Calc!A14))),$B4,1) | E19: =Calc!F14*IF(OR(ISNUMBER(SEARCH("(Nd)",Calc!A14)),ISNUMBER(SEARCH("(Pr)",Calc!A14))),$B6,IF(ISNUMBER(SEARCH("Heavy",Calc!B14)),$B5,1)) | F19: =Calc!H14
A20: =Calc!A15 | B20: =Calc!B15 | C20: =Calc!F15 | D20: =Calc!F15*IF(OR(ISNUMBER(SEARCH("(Nd)",Calc!A15)),ISNUMBER(SEARCH("(Pr)",Calc!A15))),$B4,1) | E20: =Calc!F15*IF(OR(ISNUMBER(SEARCH("(Nd)",Calc!A15)),ISNUMBER(SEARCH("(Pr)",Calc!A15))),$B6,IF(ISNUMBER(SEARCH("Heavy",Calc!B15)),$B5,1)) | F20: =Calc!H15
A21: =Calc!A16 | B21: =Calc!B16 | C21: =Calc!F16 | D21: =Calc!F16*IF(OR(ISNUMBER(SEARCH("(Nd)",Calc!A16)),ISNUMBER(SEARCH("(Pr)",Calc!A16))),$B4,1) | E21: =Calc!F16*IF(OR(ISNUMBER(SEARCH("(Nd)",Calc!A16)),ISNUMBER(SEARCH("(Pr)",Calc!A16))),$B6,IF(ISNUMBER(SEARCH("Heavy",Calc!B16)),$B5,1)) | F21: =Calc!H16
A22: =Calc!A17 | B22: =Calc!B17 | C22: =Calc!F17 | D22: =Calc!F17*IF(OR(ISNUMBER(SEARCH("(Nd)",Calc!A17)),ISNUMBER(SEARCH("(Pr)",Calc!A17))),$B4,1) | E22: =Calc!F17*IF(OR(ISNUMBER(SEARCH("(Nd)",Calc!A17)),ISNUMBER(SEARCH("(Pr)",Calc!A17))),$B6,IF(ISNUMBER(SEARCH("Heavy",Calc!B17)),$B5,1)) | F22: =Calc!H17
A23: =Calc!A18 | B23: =Calc!B18 | C23: =Calc!F18 | D23: =Calc!F18*IF(OR(ISNUMBER(SEARCH("(Nd)",Calc!A18)),ISNUMBER(SEARCH("(Pr)",Calc!A18))),$B4,1) | E23: =Calc!F18*IF(OR(ISNUMBER(SEARCH("(Nd)",Calc!A18)),ISNUMBER(SEARCH("(Pr)",Calc!A18))),$B6,IF(ISNUMBER(SEARCH("Heavy",Calc!B18)),$B5,1)) | F23: =Calc!H18
A24: =Calc!A19 | B24: =Calc!B19 | C24: =Calc!F19 | D24: =Calc!F19*IF(OR(ISNUMBER(SEARCH("(Nd)",Calc!A19)),ISNUMBER(SEARCH("(Pr)",Calc!A19))),$B4,1) | E24: =Calc!F19*IF(OR(ISNUMBER(SEARCH("(Nd)",Calc!A19)),ISNUMBER(SEARCH("(Pr)",Calc!A19))),$B6,IF(ISNUMBER(SEARCH("Heavy",Calc!B19)),$B5,1)) | F24: =Calc!H19
A25: =Calc!A20 | B25: =Calc!B20 | C25: =Calc!F20 | D25: =Calc!F20*IF(OR(ISNUMBER(SEARCH("(Nd)",Calc!A20)),ISNUMBER(SEARCH("(Pr)",Calc!A20))),$B4,1) | E25: =Calc!F20*IF(OR(ISNUMBER(SEARCH("(Nd)",Calc!A20)),ISNUMBER(SEARCH("(Pr)",Calc!A20))),$B6,IF(ISNUMBER(SEARCH("Heavy",Calc!B20)),$B5,1)) | F25: =Calc!H20
A26: BASKET VALUE / TONNE → | C26: =SUM(C9:C25) | D26: =SUM(D9:D25) | E26: =SUM(E9:E25)
A27: Uplift vs base | D27: =D26/C26-1 | E27: =E26/C26-1

Sheet Chart
A1: CHART — % contribution to basket value by element
A2: Auto-built from the Calc tab. The memo references this chart.
A3: Element | B3: % of basket value
A4: =Calc!A4 | B4: =Calc!G4
A5: =Calc!A5 | B5: =Calc!G5
A6: =Calc!A6 | B6: =Calc!G6
A7: =Calc!A7 | B7: =Calc!G7
A8: =Calc!A8 | B8: =Calc!G8
A9: =Calc!A9 | B9: =Calc!G9
A10: =Calc!A10 | B10: =Calc!G10
A11: =Calc!A11 | B11: =Calc!G11
A12: =Calc!A12 | B12: =Calc!G12
A13: =Calc!A13 | B13: =Calc!G13
A14: =Calc!A14 | B14: =Calc!G14
A15: =Calc!A15 | B15: =Calc!G15
... A20: =Calc!A20 | B20: =Calc!G20

Sheet Notes
A1: NOTES — read me
A4: ALL NUMBERS IN THIS WORKBOOK ARE ILLUSTRATIVE PLACEHOLDERS.
A5: They do not represent any real deposit, price, or scenario and must not be circulated as analysis until replaced.
A7: To make this real, fill in:
A8: 1. Inputs!D (Example Deposit A) — [[INPUT]] real % by oxide for your deposit; rename the column to the deposit name.
A9: 2. Inputs!E (Example Deposit B) — [[INPUT]] a second real deposit, or delete the column.
A10: 3. Inputs!F (Oxide price) — [[VERIFY]] live oxide prices (USD/kg) with an as-of date; note China-domestic vs ex-China/CIF (memo §1.5).
A11: 4. Sensitivity!B4:B6 — [[MY VIEW]] your own floor / shock multipliers.
A13: How it flows: Inputs → Calc (weighted basket value/tonne + % contribution) → Sensitivity (floor & export-control scenarios) → Chart.
A14: Everything is formula-linked: change Inputs and the rest updates.
A16: Color conventions (Street standard):
A17: BLUE text = hardcoded input (yours to change; amber fill = must fill in).
... A26: Workbook generated by scripts/build_model.py on 2026-07-07.
